Title,Content,Date,Author,Location,Comments
Rajzefibr,"<div class=""entrycontent"">
<p>No, da se jaz stestiram tole. Tkole naj bi zgledala celotna pot:<br/><div class=""map"" id=""travellerspoint_membermap_D31B0643-2219-AC68-176B62AC8246286B""><script src=""https://www.travellerspoint.com/badges/badge_membermap.cfm?tripid=155765&amp;zoom=5.4&amp;lat=-26&amp;lon=-73.6666666666667&amp;badgeid=travellerspoint_membermap_D31B0643-2219-AC68-176B62AC8246286B""></script></div><br/>Pise da to skupaj nanese 4024 km. Plus se dvakrat cez atlantik in se lokalni leti po Evropi...</p><p>Ziga</p></div>",2008-06-28,bjelakrez,,"[{""author"": ""Mojka"", ""content"": ""Ene tok je pa tud RAAM dolg :P excuse my juremanija""}, {""author"": ""Brane"", ""content"": ""veselim se novic iz JA!""}]"
Pred odhodom,"<div class=""entrycontent"">
<p>Se stiri dni manjka do odhoda. Nic se nimam spakiran, nic se se ne pripravljam na odhod...<br/>Metka je dobila zrebicka in smo vsi veseli. Ziga mi je pobral ves denar in zdej nimam za obleke in frizerja. In ne znam uporabljat klik, kar situacijo se poslabsa. Komaj cakam finale nogometa. Navijam za nemce!</p><p>Mateja</p></div>",2008-06-28,bjelakrez,,"[{""author"": ""katarina."", ""content"": ""Vsej za frizerja bi ji lohka pustu ene par cekinov!""}, {""author"": ""metka"", ""content"": ""skoda ko so nemci zgubli\nsam frizuro mas pa hudo...""}, {""author"": ""P. nitida"", ""content"": ""Hoj, Mateja. Ziher že uživaš, ane. No,js se glih ukvarjam s Simoninim poročilom... :-D ženska je... Uravnavanje stiska pincete? Haha, nima glih svojga življenja.\nSe že veselim prvih vpisov, lp!""}]"
"Polet, Lima, Pisco","<div class=""entrycontent"">
<p>Za zacetek: srecno smo prispeli prek oceana. Smo v Piscu v oazi v puscavi in sem v internet cafe-ju. Mateja caka v sobi, da prinesejo brisace.</p><p>Zbor je bil ob 3.00 pred halo Tivoli, kjer smo se vkrcali na manjsi avtobus, ki nas je popeljal do Benetk. Z Matejo nikakor nisva mogla zaspati, kljub temu, da sva imela zadnjih 5 sedezev zase. Uspelo nama je sele tik pred prihodom v Benetke. (Joj, kako se bom navadil na to tipkovnico, ki ima z in y zamenjana??) Na letaliscu Marco Polo smo poiskali svoj salter za check-in in seveda je bila pred njim najdaljsa vrsta. Mateja je bila razocarana, ker na letalo nismo sli skozi tunelcek, temvec nas je do letala zapeljal avtobus. Na letalu je poleg naju sedel debel, dolgobradi jud in Mateja je bila nad njim navdusena. Po pristanku na letaliscu v Madridu smo morali priti na terminal, ki je bil cisto na drugem koncu letalisca. Oznake na tablah so nam povedale, da do tja rabimo 20 min. Madrid je res velikansko letalisce. Najprej smo nekaj casa pesacili, nato pa se s podzemno zeleznico prepeljali na drug terminal. Tam smo naleteli na grozno gneco, na dvajsetih okencih so pregledovali potne liste, ljudi pa je bilo nesteto. Ustrasili smo se celo, da bomo zamudili na letalo za Limo. To se na sreco ni zgodilo, imeli smo se cas za sendvic. Z Juretom in Petro (eno izmed treh) smo sli v restavracijo na letalicsu, kjer sem za (najcenejsi) sendvic in pol litra vode placal 5,35 eur. Nase drugo letalo je bilo mnogo vecje od prvega in na njega smo prisli na Matejino navdusenje skozi tunel.</p><p><img alt=""DSCN0667_1024x768.jpg"" class=""photo"" src=""images/polet-lima-pisco-thumb_DSCN0667_1024x768.jpg""/></p><p>Na vzlet smo cakali kaksno uro, nato pa se je zacel 11 urni let cez Atlantik. Tam so nam dokaj hitro postregli s prvim obrokom. To je bila skrajno neokusna pasta. Vsaj sladica je popravila vtis. Drugi obrok so postregli sele kaksno uro pred pristankom in priblizno na polovici leta mi je postalo zal, da nisem vzel vec sendvicev s seboj. V Limi smo pristali ob 17.30 po lokalnem casu.</p><p>Na letaliscu nas je pricakal nas vodic Tomaz. Z najetim avtobusom (ki je nas za naslednjih nekaj dni) smo se odpeljali do hotela. Tam so nam dali sobe, nato pa smo sli naokoli po mestu. V Limi je promet dobesedno kaoticen. Crt na cestiscu pogosto sploh ni narisanih, ce pa ze so, se jih pa itak nihce ne drzi. V Limi zivi 8 milijonov ljudi in tam nikoli ne sije sonce, vedno je oblacno. <img alt=""DSCN0704_1024x768.jpg"" class=""photo"" src=""images/polet-lima-pisco-thumb_DSCN0704_1024x768.jpg""/> Na poti nazaj proti hotelu smo se ustavili v 'restavraciji', kjer smo vsi narocili piscanca s pomfrijem, dobili pa smo eni (najbrz) zajca z rizem, drugi pa govedino z rizem. Kakorkoli, oboje je bilo zelo zelo dobro. </p><p>Naslednji dan smo vstali ob sestih, cez 15 minut imeli zajtrk (kruh, jajce, maslo, marmelada in kozarec naravnega pomarancnega soka). Ob sedmih smo se z nasim busom odpravili proti Piscu. Na poti smo se ustavili in z gliserjem naredili dveurni izlet na otoke Ballestas, kjer smo opazovali stevilne vrste ptic, morske leve in pingvine. <img alt=""DSCN0829_1024x768.jpg"" class=""photo"" src=""images/polet-lima-pisco-thumb_DSCN0829_1024x768.jpg""/> Pticje kakce vsakih 5 let poberejo in iz njih naredijo kvalitetno gnojilo. <img alt=""DSCN0831_1024x768.jpg"" class=""photo"" src=""images/polet-lima-pisco-thumb_DSCN0831_1024x768.jpg""/> Ko smo se vrnili z izleta, smo sli na kosilo. Mateja je jedla brancina, jaz pa morski list. Oboje je bilo spet odlicno. Na poti v Pisco smo se ustavili se v piscoteci, kjer smo poskusili nekaj njihovih alkoholnih pijac (ki jih hranijo v amforah) in nato malo zaplesali. </p><p>Sedaj gremo na 'piknik' ob bazenu v nasem hotelu. </p><p>Ziga</p><p>vec slikc prihodnjic.<br/>------------------------------------------------------------------------------</p><p>Ce ste prisli do konca tega clanka in ostali budni, vam iz srca cestitam. Dodala bi samo se, da brisac na koncu nismo dobili, da sem danes jedla doma narejene cokoladne bombone in da vas vse pogresam. Pricakujem vase komentarje (Metka... <img alt="":)"" class=""img"" height=""15"" src=""images/polet-lima-pisco-icon_smile.gif"" title="""" width=""15""/> ). Imamo se fino.</p><p>Mateja</p></div>",2008-07-03,bjelakrez,Peru,"[{""author"": ""katarina."", ""content"": ""waaaaaaaaaaaaa!!!!!""}, {""author"": ""Brane"", ""content"": ""Hej!Super, da ste srečno prišli in dobro začeli vaše potovanje. Vidim, da vama je hrana všeč. Da se ne bosta zredila, ker bosta težko hodila. A je kaj mraz? Tukaj je zelo vroče. Slikce so lepe. Lepo se imejta in lep pozdrav obema, Ati""}, {""author"": ""sonka"", ""content"": ""Vesela sem, da ste srečno prispeli in se imate lepo. Tukaj je še vedno ful vroče. Pri nas so na počitnicah neonke (tropske ribice)tako, da ima Riki \""družbo\"".\nPozdrav, Sonka""}, {""author"": ""jasna2"", ""content"": ""ojla!\nsem imela probleme, ker je ena Jasna že logirana, pa ni Žigata doma, da bi me rešil iz zagate. Lepo je prebrati dobre in zanimive novice iz daljnih krajev, slike so pa sploh super. Se ze veselim novega javljanja. Uzivajta, Jasna""}, {""author"": ""suncell"", ""content"": ""hehe\nglih dobro odpotujeta pa že pogrešaš sendviče in domače zrezke\npridno se redno javljajta s slikcami še naprej\nlp Andraž""}, {""author"": ""metka"", ""content"": ""vidim,da ima žiga pravo kulinarično preizkušnjo\nmateja, tunelčki so zakon, razumem zakaj si se ga tak veselila\nse veselim poročila o sprehodih, hihi""}]"
Huacachina,"<div class=""entrycontent"">
<p>Najprej en popravek: vceraj nismo spali v Piscu, temvec v Huacachini. Danes smo ze v Nazci na zelo pocasnem internetu, tako da danes spet zal nebo slik. Posnetih je ze 180 posnetkov.</p><p>No, vceraj zvecer smo imeli 'piknik' v nasem hotelu ob bazenu. To pomeni, da so domacini na zaru spekli nekaj mesa, bilo je tudi nekaj zelenjave in sadja. Meso je bilo eno premalo peceno, drugo prevec pikantno za moj okus, zelenjave nisem probal. Najbolj sem bil navdusen nad sadjem (podobno tudi ostali). Banane so sploh 10x boljse od nasih. So cisto majhne, nekatere med njimi tudi ze malo v semenu, vendar okus vseeno odtehta. Zvecer se je ZELO shladilo. Cim sonce zaide je takoj 10 stopinj manj. Vse bolj se nam zdi, da vseh tistih kratkih hlac in podobnega sploh ne bomo potrebovali. V naslednjih dneh se nam obetajo se bolj nizke temperature. Ze jutri gremo cez 4900 m visok prelaz, kjer naj bi bilo kar precej pod niclo.</p><p>Zajtrk smo imeli ob jezeru v oazi. Jaz sem jedel ameriski zajtrk (jajca s sunko, kruh, marmelada, maslo), Mateja pa ogromno palacinko, napolnjeno s sadjem in oblito s cokolado. Po zajtrku smo se odpravili v muzej predinkovske in inkovske kulture v Ici. Muzej so 4 leta nazaj oropali in jim pobrali nekaj prtov. Enega so medtem ze nasli. Mene muzej ni preprical, Mateji je bilo pa kar vsec. Razstavljene so bile njihove glinene posode, prti, predstavljen nacin mumificiranja in podobno. Nato smo sli v vinoteko, kjer so nam razkazali njihov nacin pridelovanja vina. Ico je nekaj let nazaj prizadel mocan potres, kar se vidi tudi v vinoteki. Kar nekaj stavb je brez strehe, ki se je sesula sama vase. Nato smo sli v center Ice, kjer sva z Matejo na sreco nasla bankomat in dvignila vsak po 1000 solesov (njihov lokalni denar). Na zacetku sva namrec zamenjala premalo evrov. Dolarje imava se vse. No, ocitno promet ni kaoticen le v Limi, temvec povsod vozijo kot pri norcih. V Ici je enako, prav tako tukaj v Nazci. Na kosilo smo sli v restavraciji v nasi oazi, kjer smo spet odlicno jedli (govedina s cebulo, krompirjem, paradajzem in rizem) in pili (Inca Kola). Po kosilu smo se odpravili na 'izlet' z buggy-ji po puscavi. Za predstavo: to je 12-valjni motor od kaksnega Chevroleta, 9 ali vec sedezev, varnostni pasovi in nekaj cevi, ki vse drzi skupaj. Ce dodamo temu sipine, dobimo noro pustolovscino. Med izletom smo se nekajkrat ustavili in se vsak s svojim sandboardom spustili po nekaj sipinah. AAAAAAAAAA!!! <img alt="":)"" class=""img"" height=""15"" src=""images/huacachina-icon_smile.gif"" title="""" width=""15""/> Vec pa v Ljubljani oz. na slikah ce bo kje kaksen hitrejsi internet.</p><p>Zvecer smo se z nasim busom odpravili na triurno voznjo proti Nazci. Tu si naj bi jutri pogledali znamenite 'linije v Nazci' (odvisno od vremena), mumije in podobno. Nato pa naj bi ponoci prek ze omenjenega prelaza sli v Arequipo.</p><p>V prihodnjih dneh se najbrz ne bova mogla kaj dosti javljati, saj ne vem kako je kaj z internetom v tistih krajih. </p><p>Ziga<br/>-----------------------------------------</p><p>Za vse mame: Imava se krasno, lacna nisva...no ziga itak ni nikoli sit, danes je bilo sonce in naju ni zeblo, le malo pogresava domace in dom. Mami, prosim sporoci kako kaj doma in v kocevju in kako se ima Sandi. </p><p>Mateja</p></div>",2008-07-04,bjelakrez,Peru,"[{""author"": ""jasna2"", ""content"": ""ha! danes smo pa prvi, ki smo prebrali vajine novice. Takšne pustolovščine so pa bolj zanimive od risank - pravita Svit in Zarja. Težko pričakujemo še kakšno slikico. In težko si predstavljamo, da vaju zebe - pri nas je pa taka vročina! Svit in Zarja sta se zadneja dni zabavala na vodnem (zelo hitrem) toboganu v Snoviku, danes pa gremo v Celje in v jamo Pekel. Uživajta še naprej!Lp Zarja, Svit, Jasna, Marčelo""}, {""author"": ""Brane"", ""content"": ""Hej! Ravno sva prisla iz Metlike. Sva mislila predelovat mirabele pa se niso zrele. Sva  pa malo obdelala vrt, drugi teden pa bova mirabele. Zato sva se kar danes vrnila, tudi zaradi Rikija. V Metliki je bila vceraj zopet toca, najhuje je bilo na Primostku, kjer je potolklo precej koruze in drugih poljscin. Veseli naju, da vama je na potovanju vsec. Upava, da imata dovolj toplih oblacil. Pa dobro poslikaj inkovske znacilnosti! Na TR ti bom nakazal, kot sem rekel tako, da upam, da ne bos imel problemov z denarjem. Sicer je doma vse OK, razen komaj znosne vrocine.\nLP obema, ati in mami.""}, {""author"": ""jasna2"", ""content"": ""ojla! mal vama zavidam tele dogodiuscine .... ampak je tut tuki kr fino, ce odstejemo vrocino. no fajn se mejta še naprej pa čim več napista da bo čim več za prebrt. lp danaja""}]"
"Nazca, pot v Arequipo","<div class=""entrycontent"">
<p>Prva stvar, ki sem jo naredila po zajtrku je bila, da sem poiskala fotoaparat. Pozabila sva ga namrec na avtobusu. Najbrz je padel iz ruzaka ko sva kaj jemala ven. Na sreco sta voznika avtobusa postena in zelo prijazna, saj naju je fotoaparat pocakal na sedezih. Nato smo si ogledali znamenitosti v Nazci. Najprej smo sli na obisk k simpaticnemu gospodu srednjih let, ki slisi na ime Tobi in se ukvarja z izdelovanjem keramicnih izdelkov. Izdeluje jih na starodaven inkovski nacin. Posoda svoj sijaj pridobi tako, da jo gospod losci s krpico, s katero si brise obraz. Tako je krpica mastna in pripravljena za delo. Po obisku pri Tobiju smo si ogledali inkovsko in predinkovsko pokopalisce. V plitvih grobiscih so mumije in drugi posmrtni ostanki, vsi obrnjeni proti vzhodu. Poleg njih so tudi razne posode in drugi osebni predmeti. Ohranjeni so celo lasje in ponekod tudi koza. Nato smo se odpravili na letalisce, kjer smo se po dolgem cakanju koncno le vkrcali na majhna letala (Cessna) za 3-5 oseb in poleteli nad znamenitimi linijami v Nazci. Vec o tem si lahko pogledate na internetu ali pa pocakate, da prideva v Ljubljano. Prav vsem (razen Mariji) je bilo na letalu zelo slabo in smo komaj zdrzali polurni let. Ko smo vsi opravili s poletom (kar se je zavleklo v vecer), smo sli na prav posebno vecerjo. Jedli smo 'zemljanko'. To je hrana, ki se pripravlja kar 6 ur. V zemljo zakopljejo razlicno hrano (krompir, koruza, polenta, ovcje meso, piscancje meso, meso morskega prasicka in razno zelenjavo), med in pod njo dajo se vroce kamne ter pokrijejo s pepelom. Morski prasicek ni tko svoh. <img alt="":)"" class=""img"" height=""15"" src=""images/nazca-pot-v-arequipo-icon_smile.gif"" title="""" width=""15""/> Po vecerji smo se odpravili na deseturno nocno voznjo v Arequipo. Sem smo prispeli ob sestih zjutraj. Spet je bilo zelo hladno (kot zmeraj), svoje pa doda tudi 2300m visine. Sedaj bomo sli malo po mestu, na trznico in podobno. Baje je Arequipa eno izmed najbolj nevarnih mest na nasi poti. Podobno velja tudi za La Paz v Boliviji. Ogledali si bomo znamenito mumijo Juanito in samostan Santa Catalina. </p><p>Nacrt za naslednje dni pa je sledec: Danes ponoci vstanemo ob dveh in se z avtobusom odpeljemo proti kanjonu Colca. Tam nas caka tridnevni treking. Tam ni elektrike, zato se nekaj dni ne bova javila. O vtisih porocava ob prvi priliki.</p><p>Za slike je internet spet prepocasen.</p><p>Mateja</p></div>",2008-07-06,bjelakrez,Peru,"[{""author"": ""jasna2"", ""content"": ""Oh ta \""Amerika\""... pa internet... Midva s Svitom pa komaj čakava slike! Pazita na fotoaparat, da jih bomo vsaj v Ljubljani lehko videli.  Uživajta na trekingu!""}, {""author"": ""Brane"", ""content"": ""Ja, tudi jaz upam, da ne bosta izgubila fotoaparata oz. slik. Mislim, da sem enkrat gledal oddajo o inkovskih mumijah.\nMorda se ne ves - Rafa vodi 2:0, pri 3:3 pa je zacelo devati.\nBodita previdna in uzivajta se naprej!\nLp ati & mami""}, {""author"": ""fanimavec"", ""content"": ""Doma ni nič novega.Vročina je popustila, ker je bila včeraj nevihta. Na srečo pri nas ni nobene škode. Uživajta še naprej.""}, {""author"": ""jasna2"", ""content"": ""kot prebiram je vse (predvsem hrana ) zelo zanimivo ..... ampak s temle morskim prašičkom in njegovim mesom se pa loh kr križam =D. pazta na fotoaparat pa fajn se mejta še naprej                                                                                               LP Danaja""}, {""author"": ""fanimavec"", ""content"": ""Lepo vaju pozdravljam. Sandi se je javil iz Bostona, ima se lepo. Kontetovi so se vrnili z morja. Simona je v Celju. Včeraj zvečer je bilo spet močno neurje. Lep pozdrav obema""}, {""author"": ""Mojka"", ""content"": ""Hej! Me smo se pred pol ure vrnile iz Vrsarja....doživele smo pravi temperaturni šok - 20 stopinj razlike. v Vrsarju sta se K in M pritoževale, ker smo morale bit v senci nad špiljo (zasedena s čehinjami)in jima je malce pihljalo okoli  ušesc\nv LJ pa sta napol nagi skakali okoli avta pri 16 stopinjah brez problema hehe""}, {""author"": ""Mojka"", ""content"": ""Aja! tale blog je res enkratna ideja! Vse se veslimo nadaljnih poročanj\nna mail pa dobiš pojočega Božota v avtu""}, {""author"": ""metka"", ""content"": ""kaj ufuramo zemljanko pol avgusta u metliki?!? sam brez morskih prašičkov...mateja tebi lahko pripade čast da paziš na hrano da bo kuhana, hehe\nnič ne slišim o sprehodih in vtisih,sam hrana-halooo!!!\np.s. uni čehi so mel tko like miljon otrok!!!!""}, {""author"": ""bjelakrez"", ""content"": ""Za sprehode ni casa, ob 21h vsi popadamo v postle oz. na sedeze na avtobusu.\nZiga""}, {""author"": ""bjelakrez"", ""content"": ""Sprehodi so fajn.\nMateja""}, {""author"": ""metka"", ""content"": ""sj sm vedla\n))""}]"
Kanjon Colca,"<div class=""entrycontent"">
<p>Kot ze receno: vstali smo ob dveh ponoci in se vsi zaspani prikotalili do avtobusa. V ruzake smo napakirali stvari, ki jih bomo potrebovali naslednje tri dni. Pot nas je vodila prek 4910 m visokega prelaza v kanjon Colca. Nekje na polovici vzpona na prelaz je postalo hudicevo HLADNO. Vsi smo bili obleceni v flisih in bundah in zaviti v spalne vrece, pa vseeno nas je zeblo. Sipe na avtobusu so zamrznile. Vse je mucil glavobol in slabost zaradi visine. Na spustu v kanjon smo se ustavili in cakali na kondorje, ki pa se na zalost niso kaj dosti kazali. Opazili smo le 2. Zato smo raje nakupili toplih oblacil pri prodajalkah na razgledni tocki. Nato smo se pripeljali v vas Cabanaconde in opazovali cudovito pokrajino. Domacini so obleceni v tradicionalna oblacila. Kmalu zatem se je zacel nas treking. Vsak si je oprtal svoj ruzak in smo sli. No, nekateri so svoj ruzak posadili na osla, ki ga je vodil nas 'vodic' Michael. Michael je bil res super fant. Ze prvi dan si je zapomnil vsa nasa imena. Hodili smo 3 ure, vecinoma navzdol. Pot nas je privedla do domacije Roy, kjer smo pojedli vecerjo in prespali. Hiske so bile krite s slamo. Ponoci nas je zbudil dolg potresni sunek. Ti baje niso tako redki, saj je tu vulkansko obmocje. Ni bilo nic hujsega. Zjutraj smo vstali ob sestih in se takoj odpravili naprej. Tokrato smo hodili stiri ure, malo navzgor, malo navzdol. Prisli smo do oaze, kjer smo ostali do naslednjega 'jutra'. Tam smo se kopali v bazenu, pojedli kosilo, imeli druzabni vecer, pojedli vecerjo in se odpravili spat ze ob devetih (kar je sicer postala ze kar navada). V oazi je ze ob treh popildne sonce zaslo. Vstali smo ob stirih zjutraj in se odpravili na dolg vzpon nazaj v Cabanaconde. Vsi smo dali svoje ruzake na osle in mule, le jaz, Andrej in Bernard smo si svoje oprtali. Midva sva udarila svoj tempo in prehodila dobrih 1000 m visinske razlike v dveh urah in 20 minutah. Ostali so prisli pol ure za nama. Bila je prav posebna izkusnja, saj smo startali v popolni temi s celkami na glavah. Na vrhu nas je pozdravilo sonce. V Cabanacondah smo imeli ameriski zajtrk in se z nasim busom odpeljali nazaj proti Arequipi. Na poti smo se spet ustavili pri kondorjih, ki pa jih spet ni bilo na spregled. Med potovanjem smo opazovali lame, alpace, vicunje, stevilne ptice in ostale zivali. Na nekem postanku sem se celo lahko slikal z orlom na ramenu in glavi. Kupila sva tudi tune (sadeze kaktusa) stevilnih barv in jih pojedla v trenutku. Eden izmed najboljsih sadezev sploh! Sedaj smo v Arequipi in cez 5 minut se ze odpravimo proti avtobusni postaji, kjer se bomo vkrcali na avtobus, ki nas bo jutri zjutraj pripeljal v Cuzco. Za slike na zalost spet ni casa. Posnetih je ze 400 posnetkov. Upam, da bo v Cuzcu kaksna priloznost, da jih bomo dali na internet. </p><p>Ziga in Mateja</p></div>",2008-07-09,bjelakrez,Peru,"[{""author"": ""Brane"", ""content"": ""Super! Ze kar tezko smo cakali novic. Vidim, da je potovanje zelo zanimivo in polno dogodkov. Jaz bi vam z veseljem poslal malo nase vrocine. Mami je sla ze v sluzbo. Sedaj hodi pes, jaz pa jo grem popoldan iskat z avtom. Sicer je kot po navadi, le dvakrat je bilo hudo neurje. Jutri greva predelovat mirabele. Lepo se imejta se naprej! Lp obema, ati""}, {""author"": ""jasna2"", ""content"": ""Ojla! Zelo zanimive dogodivščine - še posebno tisti z orlom in kaktusi. Pri nas se je tudi že začelo \""potovalno\"" razpoloženje - Danaja je že od torka na \""trekingu\"", Svit in Zarja pa odhajata jutri. Svita zanima, če vidva obvladata pakiranje spalk v potovalne vreče. Onadva z Zarjo sta se tega namreč včeraj naučila in sta zelo ponosna. Imamo se lepo, vsako jutro pa najprej preverimo, če so že kakšne novice z vašega konca, ki nas vedno zelo razveselijo. Lepo se imejta! Svit, Zarja, Jasna, Marčelo.""}, {""author"": ""fanimavec"", ""content"": ""Tudi tukaj se nam bi prileglo nekaj hladu, za morske prašičke pa ne bi bilo veliko povpraševanje. Sadež kaktusa pa bi bilo že zanimivo poskusiti.Kakšno temperaturo je imela voda v bezenu na tej višini? Še naprej veliko lepih dogodivčin""}, {""author"": ""katarina."", ""content"": ""Hej hej. U tale kaktusov sadež se pa res dobro sliši. Jaz sem pa danes jedla narabutana jabolka\nV Metliki je zelo lepo, Koupa je super topla in kačjih pastirjev kar mrgoli. Danes se mi je eden vsedel na roko in rekel naj te pozdravim mateja.\nAha, pa res mata dober tempo, kar tako naprej..\nPoljubčke in pozdravčke od Flajšmanov""}, {""author"": ""bjelakrez"", ""content"": ""Voda je imela kaksnih 22-23 stopinj, vendar je bila osvezitev dobrodosla. Ziga je potreboval pol ure, da se je spravil notri.\nMorski prasicki sploh niso tako sokantni. Danes npr. bi lahko na trznici v Cuscu poizkusili surove zabe. Tudi jaz sem videla nekaj kacjih pastirjev. Pogresam Metliko. Katarina, zalivaj roze! Mami, ti pa pobiraj paradajz in solato. Mateja""}]"
Slike,"<div class=""entrycontent"">
<p>Koncno mi je uspelo naloziti nekaj slik. Na zalost niso se vse, saj nisem imel casa. Mogoce bom kasneje v objave med tekst vrinil se nekaj pripadajocih slik.</p><p>Slikce najdete <a href=""http://www.bubbleshare.com/album/420697/overview"">tukaj</a>.</p><p>P.S. Prisli smo v Cusco z avtobusom, bolj udobnim od letala. Tu se zacenja vecji mraz kot do sedaj. Smo na 3300 m visine. Sonca ni, tako da je se bolj mraz. Z vsakim dnem naj bi bilo bolj mraz.</p><p>Ziga</p></div>",2008-07-10,bjelakrez,Peru,"[{""author"": ""suncell"", ""content"": ""175 slikc\nsuperca!""}, {""author"": ""bjelakrez"", ""content"": ""Na smrt pocasn internet, zato samo tok.""}, {""author"": ""Brane"", ""content"": ""Fotke so zanimive! Z mami upava, da sta si kupila kaj toplih oblacil, da vaju ne bo zeblo. Mami se je v sluzbi sesul racunalnik tako, da iz sluzbe ne more do interneta niti vama odpisati. Lep pozdrav obema od obeh!""}, {""author"": ""Brane"", ""content"": ""Aha, sem se spomnu, da sem na fotki videl Majdo (Marijo) Zagar. Ce ve, da spadas k men, jo pozdrav. ati""}, {""author"": ""jasna2"", ""content"": ""Fotke so super. Tako se skrajša razdalja do vaju. Saj boš našu še kakšn hiter internet in naložu še druge. Naši otroci so se pravkar odpeljali v divjino Slovenije. Lepo se imejta še naprej, Jasna""}, {""author"": ""fanimavec"", ""content"": ""Odpravljam se iz službe in vama napišem še nekaj besed. Fotografije sem pregledala. Vozijo se v kar dobrih avtomobilih. Morski levi so uživali v sončenju na skalah. Sandi se danes odpravlja v New York, jaz pa domov plet na vrt. Lepe pozdrave iz vroče Ljubljane""}]"
Classic Inka Trail,"<div class=""entrycontent"">
<p>Ponoci smo se vrnili s trekinga na Machu Picchu (zato toliko casa ni bilo javljanja). Cez 10 min gremo ze naprej, zato samo nekaj kljucnih besed, ki opisejo dogajanje zadnjih dni:<br/> - moja zastrupitev s hrano (ali pa visinska bolezen), dvakrat so mi dajali kisik (prosim, da ne zapanicarite, saj sem sedaj v redu)<br/> - treking na Machu Picchu: 4 dni, 42km, 4200 m visok prelaz<br/> - voznja nazaj v Cusco: z vlakom 2 uri za kaksnih 5 km, z avtobusom 7 ur (namesto napovedanih 4-5) skozi dzunglo in nato po se bolj nevarni cesti od najnevarnejse ceste na svetu pri La Pazu</p><p>Podrobnosti naslednjic oz. v Ljubljani.</p><p>Ziga<br/>--------------------------------------------</p><p>Jaz bom se dodala, da sem zelo ponosna na Zigata, ker je kljub slabemu pocutju, z mano prilezel na 4200-taka.</p><p>Mateja</p></div>",2008-07-16,bjelakrez,Peru,"[{""author"": ""Brane"", ""content"": ""Ja, veseli smo, da sta se javila!!! Naslednjic pricakujemo kaj vec novic in upamo, da ne vec o potrebi po kisiku. Lepo se imejta se naprej in pazita nase! V Ljubljani je vse OK, drugje po Sloveniji pa so bila velika neurja s toco in precej skode. Zrtev pa na sreco ni bilo. Lp obema, ati in mami""}, {""author"": ""suncell"", ""content"": ""A po temle se vi vozite ?\nhttp://www.darkroastedblend.com/2006/11/most-dangerous-roads-in-world.html\nno, očitno ni prišel noben nasproti\n)""}, {""author"": ""fanimavec"", ""content"": ""Danes se je Sandi vrnil iz Amerike.Je zelo navdušen nad potovnjem. Včeraj sem bila po dolgem času s Saro v živalskem vrtu. Po petih urah potepanja sva jo s Simono komaj spravili domov. Upam, da se še kaj oglasita, predno se vrneta domov. Veliko sreče še naprej""}, {""author"": ""katarina."", ""content"": ""Andraž tist niso ceste, tist je kr neki!!! Zdej me pa bo mogoče mal panika zagrabla\nDrgač pa... Dragi Žiga, bila sem na vrtu v Metliki in vse lepo cveti. Kane so že zelo visoke in skoraj vse vrtnice cvetijo - najlepša je tista dišeča rdeča. Izpulila sem ene par plevelov, ampak ne preveč, da nebi pokvarla scenografije vrta\nMateja, danes me je klicala Zala iz Cresa in pravi da se ma fino in da jo vsi kuharji pecajo, hehe, pa lepo te pozdravlja. Z Metko sva bili v Metliki na placu kjer je bil koncert z digiridujem-svašta!\nKomaj čakam, da se spet kaj javita.""}]"
La Paz,"<div class=""entrycontent"">
<p>Med voznjo iz Puna v La Paz smo izstopili iz avtobusa, prestopili na ladjico in tako preckali ozino. Tam namrec (se) ni mosta. Ustavili smo se v mestu Copacabana. Po tem mestu je dobila ime slavna plaza v Rio de Janeiru. Na hitro smo si ogledali mesto in se vkrcali na drug avtobus, ki nas je zapeljal do La Paza. Tja smo prisli okoli petih, se nastanili v hotelu in sli na ogled mesta. La Paz je strasansko umazano mesto, ki slovi po kriminalu. V hotelu so celo listi z navodili, kako se izogniti krajam in ropom. La Paz je tudi najvisje lezece glavno mesto. Deli se na zgornji (revni) in spodnji La Paz. Nahaja se na 3100 do 4100 m nad morjem. Na ulici pred nasim hotelom se po tleh posedejo branjevke, in ulica se spremeni v trznico. Prodajajo sadje, zelenjavo in celo 'posusen' krompir, ki je v bistvu en sam skrob, izgleda pa kot kamen. Vecerjali smo v ocarljivi restavraciji, ki je natrpana z raznimi starinami. Na poti proti hotelu smo zavili v lokal, kjer je igrala ziva glasba in so plesali folkloro. Zigata je prisla indijanka povabit na ples. Cene v tem lokalu so bile na evropski ravni. Pila sva odlicen naravni sok iz stevilnega tropskega sadja. Naslednji dan smo zajtrkovali ob sestih in se s kombijem odpeljali do najnevarnejse ceste na svetu, po kateri smo se spustili s kolesi. Razdelili so nam kolesa, hlace, anorake, rokavice in celade. Prvih nekaj kilometrov smo naredili po asvaltu, nato pa se je zacel makadam. Po asvaltu je slo zelo hitro. Opravili smo 63 km in se spustili iz 4800 na 1200 m nad morjem. Vmes so nam postregli z dvema malicama. Cesta je zelo ozka in prepadna. Prostora je kvecjemu za eno vozilo. V 28 letih obratovanja je umrlo med 5000 in 6000 ljudmi, kar znese priblizno za 1 smrtno zrtev na 2 dni. Zadnje leto in pol ni vec v uporabi (saj so z amerisko pomocjo naredili novo cesto, ki pa ni nic manj nevarna) in v tem casu je umrlo 18 kolesarjev. Ob cesti so stevilni krizi v spomin umrlih, opaziti pa je tudi moc razbitine vozil. Najhujsa nesreca se je zgodila, ko je v prepad zdrsnil avtobus, poln otrok. Vozniki so imeli obicaj, da so spili kozarcek ali dva, preden so se odpravili po tej cesti. Zigatu je bilo zelo vsec, Mateja pa je odnehala pred koncem in se do konca peljala s kombijem. Po kolesarjenju smo sli v hotel Esmeralda, kjer smo se stusirali (s toplo vodo) in pojedli samopostrezno kosilo. Sledila je stiriurna voznja do La Paza. V La Pazu sva sla v isto ocarljivo restavracijo kot dan prej, kjer sva pojedla juho in odlicno limonino torto. </p><p>Danes smo imeli ogled muzeja instrumentov in pohajkovanje po mestu. Cez 1 uro gremo na kosilo v isto ocarljivo restavracijo. Res je ocarljiva. Zvecer imamo nocni avtobus do Potosi-ja.</p><p>Ziga in Mateja</p></div>",2008-07-20,bjelakrez,Bolivia,"[{""author"": ""Brane"", ""content"": ""Super! Zdaj sta nam pa natrosila toliko novic, da komaj sledimo. Ste ze v Boliviji. Upamo, da so zigatove tezave dokoncno mimo, ce ze kolesari. Midva z mami greva jutri za 4 dni v Dobrno. Igor pa bo skrbel za Rikija. Mi smo OK, v Metliki je tudi OK, plevel je pod kontrolo, vrtnice pa kar cvetijo, predelava mirabel je uspela. Lep pozdrav in srecno se naprej obema, ati in mami""}, {""author"": ""suncell"", ""content"": ""Pohvale, da sta vse lepo popisala tudi za nazaj\nv tejle juzni ameriki se ocitno res ful velik dogaja\ndrzim pesti za hiter internet, da bomo vidli se kako slikco""}, {""author"": ""Brane"", ""content"": ""Sm dobu SMS ob 3:03. Se tuki posilam naslova: Cesta 28. maja 74; in DSO, Cesta na Bokalce 51. Lepo se mejta se naprej, mi2 greva v Dobrno! a&m""}, {""author"": ""P. nitida"", ""content"": ""Hej, vidima da se mata ful fajn; sem čist navdušen, ko berem zadnje opise. Še posebi noč na jezeru, zanimivo res. :-) Mateja, povedat ti morem, da sem se včeri zarad tebe nasmejal do solz (oz zarad tvojih zapiskov: Solifugae - imela bom solistični nastop, s helicerami bom zabrenkala fugo...Hahaaa).  Uživita še naprej! Denis""}, {""author"": ""bjelakrez"", ""content"": ""Ha ha ha... Ja, vsaj zapomnu si bos. Vidt mors moje zapiske za kolokvij pri Kostanjsku:\nTrematoda sp.- Imam tremo toda moram se prisesati.\nA si dobil popravljena poroila od Simone?""}, {""author"": ""fanimavec"", ""content"": ""Zdravo!\nNajprej sem prebrala prvo zgodbo, ko ugotovim, da se nadaljujejo zgode prejšnjih dni. Kdaj najdeta čas da še pišeta in da bereta še naše kometarje?\nPazita nase!""}, {""author"": ""katarina."", ""content"": ""No, jaz bi tudi šla v hotel Esmeralda! Sliši se res kul. Tudi to da imajo v Boliviji očarljive restavracije sem nekako dojela\nKako je kaj z bananami, so že dozorele v ruzaku?? Upam da sta tole vse sadje tudi poslikala, ke me res firbec matra kako zgleda! Jaz sem bila pa na  2394m nadmorske in še ful sem mogla plezat do tja\nsam tok. Upam da je Žigec zdrav, zelo vaju pogrešam in komaj čakam da se vidimo. Pa lepo se mejta""}, {""author"": ""P. nitida"", ""content"": ""Hej! Ja Simona je popravla in bla potem drugič zadovoljna (je cela zgodba, ti razložim nekoč). Dans sm pisu kolokvij (težek :S), upam, da bo... Ampak, novica dneva, tedna, če ne kar leta: Zaradi končevanja starih študijskih programov se študenti 2. letnika lahko vpišejo v višji letnik tudi če ne izpolnjujejo vseh izpitnih pogojev, ki jih določa študijski program.\n:-D Je svet kr lepši! Uživejta!""}, {""author"": ""IgorM"", ""content"": ""Zivjo popotnika!\nSem po dopustu tudi jaz uspel prebrati vajina javljanja - jih moram pohvalit so ravno prav dolga in zanimiva. Me veseli, da se imata fajn. Trenutno se vama dogaja neprimerno vec izjemnih stvari kot nam, tako da ne bom pisaril o vsakodnevnih dogodkih in aktivnostih (razen ce vaju kaj izrecno zanima), o vremenu pri nas sta bila pa itak ze izdatno informirana\n. Vsi mi vama zelimo srecno pot se naprej! I&D&N&V""}, {""author"": ""bjelakrez"", ""content"": ""Katarina: Banane so se po tednu meckanja znasle v smeteh. Brez skrbi, vse je dokumentirano na slikah. Ziga je zdrav in zelo lacen... Tok vas zelo vse pogresam in komaj cakam, da slisim vse dogodivscine, ki so se zgodile v Vrsarju...Kam pa si sla tako visoko???""}, {""author"": ""katarina."", ""content"": ""Draga Matejka, me smo vse ok, metki sm mogla po pošti nov piercing poslat, ker je pregriznila palčko\n, mojca je pršla iz Ulike, Zala je na Cresu in se ima kar zanimivo. Jaz sem trenutno v Lj, mal se učim, pa okoli hodim (Tok visok me je pa Matic zvleku na Planjavo nad Kamniškim sedlom, hribi so zakon!!!!). No, drgač te pa ful opravljamo, ampak to zato ker te ne moremo nehat pogrešat! cmok cmok""}, {""author"": ""Brane"", ""content"": ""Hej, tudi v Dobrni bereva vajine dogodivscine oz. komentarje. Tukaj je skoraj tako mraz kot v Peruju. Se dobro, da sva vzela tudi nekaj toplega, poletna garderoba sploh ne pride v postev. A je pri vas ze kaj bolj toplo? Lep pozdrav, mami in ati""}, {""author"": ""bjelakrez"", ""content"": ""Smo v Uyuni, kjer je se bolj mraz. Nekaj dni bo se bolj mrzlo, spali bomo na 4200m.""}]"
"Puno, jezero Titicaca","<div class=""entrycontent"">
<p>Zjutraj smo pozajtrkovali v Cuscu in se z avtobusom odpravili v Puno. Na poti nas je ustavil zastoj zaradi sejma. Na avtobus je med potjo prisla neka teta, ki je prodajala hrano. Na tleh avtobusa je razgrnila svoje malhe in z mesarsko sekiro kosala pecena rebrca. Cez nekaj kilometrov je sla dol z avtobusa. Po prihodu v Puno smo se s taksijem odpeljali do hotela. Sledil je ogled mesta. Puno je pristanisko mesto ob jezeru Titicaca. Vecerjali smo v neki restavraciji. V zadnjem delu ob kuhinji je bil meni za polovico cenejsi. Jedli smo cetrt piscana in pommes frites. Po vecerji sva barantala za cene in kupila album za slike. Privoscila sva si vroc tus in zaspala. Ob 6:30 smo imeli zajtrk in se s tricikli zapeljali v pristanisce. Najinemu vozniku je bilo ime Cesar in je bil najhitrejsi od vseh. Z ladjico smo zapluli na otok Taquile. Kapitan je bil brez enega ocesa. Na otoku smo jedli postrv. Taquile je poseben, ker moski strikajo kape. Rdece oznacujejo porocene, rdece-bele pa samske moske. Z ladjico smo nadaljevali pot do plavajocih otokov Uros. Plavajoce otoke so zgradili ljudje, ki so se hoteli izogniti delu v rudnikih. Narejeni so iz trsja, ki ga vsaka 2 tedna dodajajo, enkrat letno pa zgradijo otok na novo. Domacini so nas popeljali s slamnato gondolo po jezeru ob mesecini polne lune. Cez noc smo na otokih ostali le trije pari, ostali pa so jo odkurili nazaj v hotel. Vecerjali smo v slamnati hiski, sedeli na tleh, poslusali glasbo domacinov in z njimi plesali. Bilo je nepozabno. Tamkajsnjim otrokom smo razdelili barvice in bombone, enemu pa je bila neznansko vsec najina cedevita. Skupaj z odraslimi smo pili vodko in rum ter se trudili pogovarjati, kolikor se je le dalo. Spali smo prav tako v slamnatih hiskah. To je bila najhladnejsa noc, bilo je kar krepko pod niclo. Zjutraj smo se z ladjico odpeljali nazaj v Puno in se vkrcali na avtobus proti La Pazu. </p><p>Ziga in Mateja</p></div>",2008-07-20,bjelakrez,Peru,"[{""author"": ""jasna2"", ""content"": ""DONS STA PA NASPIDIRANA! SAJ KOMI PREBEREMO TOK HITR, KOKR VIDVA ŽE DRUZGA NAPIŠETA. VEDNO BOLJ ZANIMIVO. LP jASNA""}]"
Treking na Machu Picchu,"<div class=""entrycontent"">
<p>Ker sem se zjutraj pocutil bolje, sva se odlocila, da se vseeno udeleziva trekinga na Machu Picchu. Z avtobusom smo se odpravili proti zacetku nasega trekinga. Na poti smo se ustavili v majhnem mestecu, kjer smo nakupili kokine liste in palerine. Kosilo smo imeli na parkiriscu ob reki Urubamba. Nasa skupina je stela 21 clanov, za nas pa je skrbelo 23 ljudi: kuhar in 2 pomagaca, vodic in 2 pomagaca in 17 nosacev. Tudi midva sva imela nosaca, ki nama je nosil ruzak z oblekami in spalnimi vrecami. Placala sva ga 80 dolarjev za celoten treking. Nosaci so poleg nosenja nasih stvari, plinskih bomb in ostale opreme se postavljali sotore. Nosaci povprecno zasluzijo manj kot 100 eurov na mesec (vecino od 80 dolarjev pobere agencija). Prvi dan smo hodili 4 ure, Ziga se hodi brez pomoci, Mateja pa nosi ruzak s hrano in pijaco. Vecerjali smo v hlevu, hrana je bila presenetljivo dobra. Spali smo na travniku ob hlevu nad reko v sotoru. Ponoci je bilo okolo 6 stopinj Celzija, nekateri nosaci so spali kar na prostem. Zjutraj so nam v sotor ob 5:30 prinesli skodelico kokinega caja. Nadaljevali smo po strmi in zahtevni poti po tlakovanih starih Inkovskih poteh, ki vodijo skozi dzunglo. Ziga ni mogel hoditi, zato so mu pomagali Andrej, David, Bernard in vodic Tomaz in ga prakticno prenesli cez 4200 m visok prelaz. Mateja je vso pot sama nosila ruzak. Opravili smo 1200 m visinske razlike. Malo pod vrhom in na vrhu je Ziga prejel kisik iz kisikove bombe. Pri tem se mu je vrtelo. Sledil je spust za 600 m. Vsega skupaj smo hodili 7 ur. V taboru smo imeli kosilo, malico in vecerjo. Spali smo na Inkovskem pokopaliscu, ponoci je bilo okoli -2 stopinji Celzija. Ziga je vzel nekaj aspirinov in se ze pocutil bolje. Ob sestih zjutraj je bilo spet bujenje s cajem. Tretji dan je bila pot dolga, a ne prevec zahtevna. Ogledali smo si vec ostankov Inkovske civilizacije, hodili skozi dzunglo in videli kolibrije, druge ptice ter zanimive cvetoce rastline. Kosili smo na nekem vrhu, od koder nam je ostalo se 2 uri hoje do tabora. Spustili smo se za 1000 metrov, hodili smo vecinoma po stopnicah. Spali smo sredi dzungle, poleg oddelka za Biologijo Univerze v Cuscu. V taboru so bili vroci tusi, bar in celo disko ter ogromno turistov. Naslednji dan je bilo bujenje ob 3:45. Hitro smo pojedli zajtrk in odhiteli do vhoda na pot proti Machu Picchu-ju. Ena skupina nas je prehitela, kljub temu, da se pot odpre sele ob 5:30. Hodili smo eno uro do Sun Gate-a, kjer naj bi si ogledali soncni vzhod, pricakala pa nas je gosta megla. Sledil je spust do Machu Picchu-ja (1,5 ure). Ogledali smo si mesto, tempelj sonca, akusticno sobo, oltar in se mnogo drugega. Megla se je razkadila. V mestu naj bi zivela dekleta, namenjena zrtvovanju, nekaj samanov, mogoce celo otroci vladarja Inke, ki naj bi bili zaradi krvnega sorodstva starsev prizadeti in so jih tam skrivali. Mesto je nedokoncano in tam se prosto pasejo lame in alpake. Veliko je teras, namenjenih gojenju kulturnih rastlin in rastlin za opojne substance, ki so jih uporabljali pri daritvah in zrtvovanju. Mesto so odkrili leta 1912. Pravo ime ni znano. Machu Picchu je namrec ime bliznje gore in pomeni 'stara gora'. Pocivala sva na zelenici sredi mesta. Avtobus nas je nato za 7 dolarjev zapeljal do mesta pod Machu Picchu-jem z imenom Aquas Calientes. V to mesto ne vodi nobena cesta, le zeleznica. Vkrcali smo se na (pokvarjen) vlak, ki nas je pripeljal do prve ceste. Ves cas se je ustavljal, zato smo za kakih 5 km porabili 2 uri. Pot je bila lepa, ker smo se peljali skozi dzunglo. Ziga je skozi okno vagona odtrgal sop zelenih banana. Sedaj lezijo v nahrbtniku in upava da bodo dozorele. Pot smo nadaljevali z avtobusom. Cesta je bila luknjast makadam. Opazovali smo banane, pomarance, papaje, ananase in druge tropske rastline. Videli smo tudi nekaj vrtnic ob hisah v naseljih. Ustavili smo se v manjsem mestu in imeli kosilo. Pikale so nas manjse muhice in nam pile kri. Se danes se vsi praskamo, saj svinjsko srbi. Potem smo se peljali po ozki, prepadni in nevarni cesti kakih 35 km, vmes pa bili prica procesiji, ki je za nekaj minut blokirala cesto. Ljudje so imeli maske in za procesijo je korakala godba. Voznja do Cusca je trajala 9 ur, namesto napovedanih 4-5. </p><p>Kot zanimivost: opravili smo 42 km dolgo pot v stirih dneh. Po isti poti poteka septembra tekmovanje in najhitrejsi pot opravijo v treh urah in pol.</p><p>Ziga in Mateja</p></div>",2008-07-20,bjelakrez,Peru,"[{""author"": ""jasna2"", ""content"": ""oj! očitno uživata tko k js k sm dons pršla s tabora\n(slap ob idrici). mrazi me k berm gdaj morte že ustajat (in to med počitncami).no se beremo pa žiga puzdrau se\nDaNaJa""}]"
Cusco,"<div class=""entrycontent"">
<p>Koncno smo spet prisli do interneta.</p><p>Nocni avtobus nas je zjutraj pripeljal v Cusco. S taksijem smo se odpravili v nas hostel, tam odlozili prtljago in se odpravili na ogled mesta. Cusco je bil glavno mesto v casu Inkov. Je najlepse od vseh mest, kar smo jih do sedaj videli. Veliko je turistov (americanov). Ogledali smo si muzej Inkovske kulture in razstavo buc, ki jih pobarvajo s pepelom in nato natancno spraskajo razlicne motive. Ker smo bili lacni, smo nato pri neki ulicni prodajalki kupili zavitke iz listnatega testa, v katerih je bil sir, salama ali oboje. Mogoce je bilo to krivo za moje slabo pocutje. Ustavili smo se se v koka shopu, kjer prodajajo bombone, cokolade, torte, piskote, caj in druge izdelke iz koke in se odpravili na mestno trznico. Tam sva si privoscila sveze stisnjen sok iz jabolk, ananasa in banan. Bil je odlicen. Na trznici sva videla zive zabe, ki plavajo v vedru, poleg njih pa ze ociscene zabje krake, pripravljene, da se jih poje surove. Midva sva kupila raje mandarine. Vecerjali smo v restavraciji s pogledom na glavni trg (Plaza de Armas). Na tem trgu je katedrala, v kateri je slika Zadnje vecerje, na kateri Kristus zoba morskega prasicka. Prvic se je zgodilo, da nisem mogel pojesti cele vecerje, ponoci pa mi je ze bilo slabo. Zajtrka nisem jedel, nato pa sem sel bruhat. Za ta dan je bilo v nacrtu kolesarjenje v okolici Cusca in obisk indijanske trznice. Na poti na kolesarjenje mi je na avtobusu postalo se bolj slabo, zato smo se ustavili v nekem mestecu in v lekarni kupili sest tablet. Namesto na kolesarjenje sva odsla s taksijem nazaj v hostel. Cel dan sem prelezal v postelji, zeblo me je. Naslednji dan je bil planiran stiridnevni treking na Machu Picchu, za katerega smo odsteli po 350 dolarjev na osebo.</p><p>Ziga</p></div>",2008-07-20,bjelakrez,Peru,"[{""author"": ""jasna2"", ""content"": ""ojla! Ziga ali si zdaj ok ali imaš še vedno težave? Ugotavljamo, da se vam dogajajo zanimive reči. Želimo vama, da ne bi imela še kakšnih problemov.\nNaši taborniki so se danes vrnili - utrujeni in premočeni, v sredo pa gremo proti morju. Veseli bomo še kakšnega vajinega javljanja, dokler smo še doma. Lep pozdrav obema od vseh""}, {""author"": ""bjelakrez"", ""content"": ""OK sm ja. Ze jem vse, kar mi pride pod roko.""}]"
"Potosi, Uyuni","<div class=""entrycontent"">
<p>V Potosi smo prisli ob 5ih namesto ob 7ih. V hostlu so nam dali zato zacasne sobe, v katerih smo se malo odspali. Trije pari smo se drenali v troposteljni sobi. Ko smo vstali, smo sli na zajtrk v restavracijo. Ker je bila ura ze 11:30, smo vsi narocili pice. Bile so presenetljivo dobre. Ob 13:30 nas je pred hostlom pobral avtobus in nas odpeljal na ogled rudnika srebra v Potosiju. Potosi je na 3670 m n.m.v. in je s tem najvisje lezeci rudnik srebra na svetu. Najprej smo se preoblekli v hlace in jakne, ki so nam jih posodili, da se nismo umazali, nato pa smo si ogledali obdelavo nakopanega materiala in pridobivanje srebra iz njega. Dobili smo tudi zascitne maske za obraz (proti prahu, azbestu in CO) ter celade z lucko. Nato smo se podali v rudnik, nekatera dekleta so se na zacetku peljala kar z vagoncki. V rudniku je kar precej srhljivo. Zelo je ozko, stropi so zelo nizki (ljudje so nizje rasti), ves cas se tudi dviguje prah. Najprej smo si pogledali 'muzej' v rudniku. Tam so razstavljeni razni predmeti in lutke, ki predstavljajo pomembne ljudi iz zgodovine Potosija. Vsak dan v rudnikih dela 15000 ljudi. Do danes je umrlo ze 8.000.000 ljudi. Ko so Spanci izvedeli za rudna bogastva v Potosiju, so izdali dekret, da morajo vsi moski, ki so dopolnili 15 let, zaceti delati v rudniku. Nekateri so se znasli in naredili plavajoce otoke (Uros) na jezeru Titicaca in jih tam niso nasli. Danes zacnejo z deli v rudniku ze pri desetih letih. Ti redko docakajo 30 let. Povprecna pricakovana docakana starost rudarja je 40 let. V muzeju je na vhodu lutka hudica, ki naj bi kraljeval v podzemlju. Rudarji mu dajejo stevilne darove. Ob hudicu smo ruknili vsak po malo 96% alkohola. Preden gredo na delo, spije 5 rudarjev 1 liter tega alkohola v eni uri. Nato si v usta zatlacijo kokine liste in se odpravijo na delo. Brez tega resnicno ne bi zdrzali naporov. Mi smo sli do drugega nivoja. Tam postane hudicevo vroce (v rudniku je okoli 30 stopinj Celzija). Nekateri so se obrnili ze pred drugim nivojem, Ziga je sel nazaj po drugem nivoju, Mateja pa je sla do cetrtega! Tam je videla rudarja, ki je pripravljal luknjo za razstrelitev. Podarili so mu alkohol, koko, sok in dinamit. Ko smo vsi prisli iz rudnika, smo na povrsju se razstrelili eno palcko dinamita. Zelo je pocilo. </p><p>Ko smo prisli nazaj v hostel, smo se stusirali s toplo vodo in se odpravili na vecerjo v najbolj fino restavracijo do sedaj. Tam je Ziga pojedel res ogromen zrezek. Le se v argentini so primerljive velikosti. Po vecerji smo se se malo druzili v topli sobici v hostlu in se odpravili spat. Zjutraj smo imeli malo prosto, ob 11:30 pa naj bi se z avtobusom odpeljali v Uyuni. No, avtobus je prisel ob 12:30, tako da smo eno uro cakali na soncu. Vozili smo se 6 ur in pol po luknjasti makadamski cesti. Uyuni je mesto sredi puscave, izgleda prav tako kot v vesternih. Tu je res mraz! Zvecer smo sli na pice (Uyuni je mesto picerij, drugih restavracij prakticno ni). Ponoci je bila Mateja pokrita s stirimi odejami in v spalki, da je ni zeblo. Danes se zacne tridnevna voznja z jeepi. To zna biti najbolj zanimiv del potovanja. Vozili se bomo po slanem jezeru, videli otok kaktusov, fumarole, se kopali v toplih vrelcih na 4200 m, ... Interneta ne bo 3 dni, mobitela pa do konca potovanja (Simobil nima urejenega gostovanja v Cilu, kamor gremo po voznji z jeepi). </p><p>Ziga in Mateja</p></div>",2008-07-22,bjelakrez,Bolivia,"[{""author"": ""suncell"", ""content"": ""Tale Simobil ga pa biksa""}, {""author"": ""katarina."", ""content"": ""To mateja!! Četrti level\nVčeraj smo imeli jaz, Mojca, Metka in Igor žur pri Metki. Bilo je res fino in ene 100krat smo poslušali komad Strong enough od Cher...\nŽelim vama lepo vožnjo z đipi.""}, {""author"": ""Brane"", ""content"": ""Kaj je to Ziga, a ne gre vec kot do drugega nivoja? No vazno je, da imas apetit! Mi2 z mami sva se vrnila iz Dobrne skoraj premrazena. Sedaj pa temperatura zopet narasca na normalo, ni pa prevroce, kar je v redu. Cakava naslednje porocilo in vaju lepo pozdravljava! a & m""}, {""author"": ""Mojka"", ""content"": ""...Katarina je zgleda pozabila, da nismo samo poslušal ampak tudi peli in plesali\nvse to samo na Cher\nJs grem v nedeljo spet v Uliko. Sašo gre zravn, da me bo s kremo za sončenje po hrbtu namazal, ker me bo drgač spet čist zapeklo. Veliko bo sončenja, plavanja, potapljanja, kolesarskih izletov in utapljanja sončarice v pivu. Sprehodi na plaži ob sončnih zahodih niso planirani.\nDrugače pa vse lepo in prav, ampak js komi čakam da prideta ti in Zala nazaj v SLO, da gremo še skupi kam. Boš morala podati še podrobno subjektivno poročilo potovanja in Zala prav tako o svojem udinjanju na Cresu\nŽelim vama še velik dobre volje in toplih tušov!Čau!\nP.S.: rdeč flis verjeno ni kos večernim temperaturam, a ne. Bi ti morala kr 2 dat...no vemo za drugič.""}]"
Uyuni,"<div class=""entrycontent"">
<p>Preden smo se podali na tridnevno voznjo z jeepi, smo v Uyuni-ju uredili se mejne formalnosti, saj voznjo koncamo na meji s Cilom. Nasa skupina sedaj steje 17 ljudi (stirje so sli v La Pazu domov), tako da smo imeli tri jeepe (6 + 6 + 5). Jeepi so bili Toyota Land Cruiserji (tu je 90% vozil znamke Toyota). Midva sva se vozila skupaj z vodicem Tomazem, tako da smo bili v najnovejsem jeepu, ki je tudi vozil prvi. Zato se nam na sreco ni prasilo pred ocmi in smo lahko obcudovali pokrajino. Kar se tega tice, je bil to res najlepsi del potovanja. Gremo po vrsti. Prvi dan smo se vozili po (bivsem) slanem jezeru, rece se mu Salar de Uyuni. Jezero se je posusilo pred 15.000 leti, ostalo je samo ogromno soli. Debelina soli je od nekaj centimetrov pa do 14 m. Tezko je opisati z besedami, se najbolje je: vse je belo! <img alt="":)"" class=""img"" height=""15"" src=""images/uyuni-icon_smile.gif"" title="""" width=""15""/> Izgleda, kot da bi vozili po snegu oz. ledu. Salar de Uyuni je velik za polovico Slovenije. Ustavili smo se v hotelu iz soli, v katerem se da se danes prespati. Vse v tem hotelu je iz soli: pohistvo, zidaki, ... Pot smo nadaljevali do otoka kaktusov. Vecina ostalih otokov je pustih, na tem pa raste ne tisoce kaktusov. Ti kaktusi rastejo 1 cm na leto. Najstarejsi se je posusil decembra lani, star 1203 let, visok 12 m. Pred otokom kaktusov smo delali se zanimive fotografije na beli podlagi in imeli kosilo. Na poti do hostla na robu jezera smo se opazovali soncni zahod. V hostlu smo imeli se turnir v ping-pongu in vecerjo. Naslednje jutro smo po soncnem vzhodu pozajtrkovali in se odpravili na voznjo po bolivijskem altiplanu. Vozili smo se ob meji s Cilom in opazovali vulkane, visoke 5-6 tisoc metrov. Kosili smo ob nekem jezeru, ob katerem je bilo veliko boroxa (snovi, ki jo dajejo v pralne praske), tako da je bila obala cisto bela. Ob jezeru je bilo veliko ptic in presenetljivo tudi obadov. Na poti do drugega prenocisca smo opazovali se viskace (visokogorski zajci), vikunje, lisice in tudi neko ptico, podobno kokosi. Ustavili smo se ob kamnitem drevesu. Malo kasneje smo lahko opazovali se skulpture iz lave, ki je po izbruhu zamrznila in se ustavili ob jezeru, kjer je bilo na tisoce flamingov. Spali smo ob laguni Colorado. Ta laguna je popolnoma rdece barve, to pa zaradi rdecih alg. Ob njej je bilo polno boroxa. Ob tej laguni po soncnem zahodu postalo svinjsko mrzlo. Povecerjali smo skromno vecerjo in se odpravili spat (ob 20:30). Spali smo v spalkah in pokriti z dekami: Ziga z dvema, Mateja pa s stirimi. Vstali smo ob 5:30 in si niti priblizno nismo mogli predstavljati, kaj nas caka. Odpravili smo se na visino 5000 m, kjer smo obcudovali fumarole. Zunaj je kar krepko pod niclo, iz zemlje pa bruha para. Nepopisljivo! Sicer malo smrdi po zveplu, pa nic zato. Na fumarolah smo tudi opazovali soncni vzhod. Nato smo se spustili za 500 m, slekli obleke in se vrgli v vodo! Na visini 4500 m je pretocni bazen, v katerem ima voda nad 30 stopinj Celzija. Tu so namrec stevilni topli vrelci. Ko smo se malo segreli, smo si sli se ogledat zeleno in belo laguno, ter pozajtrkovali v koci blizu njih. Prvic do sedaj smo dobili sir. Cez 10 minut smo bili ze na tromeji Bolivija-Cile-Argentina. Tam so nam pregledali potne liste, nato pa smo se z avtobusom spustili za vec kot 2000 m do San Pedra de Atacama. Atacama je najbolj suha puscava na svetu. Tam so nam najprej pregledali ruzake (v Cile ni dovoljeno prenesti sadja, neobdelanega lesa, zivalskih produktov in podobnega), nato pa smo se nastanaili v hostlu. </p><p>Ziga in Mateja</p></div>",2008-07-25,bjelakrez,Bolivia,"[{""author"": ""suncell"", ""content"": ""A si zmagu pingpong\n? Kdaj se načrtovano vračata?   Držim pesti, da dobimo še kako slikco za pokušino (:""}, {""author"": ""Brane"", ""content"": ""Hej! Vesela sva, da se imate dobro in da uzivate. Zeliva, da bi se tako imeli do konca. A ze veste, kdaj se vracate? Lepo vaju pozdravljava, mami in ati""}, {""author"": ""P. nitida"", ""content"": ""Tole vajino potovanje je pa res konstantno zanimivo, vse kar opisujeta mi je ful všeč.\nMateja, jutr gremo pa s sošolci na afterkomno - na Aljažev vikend pod Krvavcem, ful bo faajn. Aja, pa botaniko sem dobil 10, kljub njegovim grozovitim obljubam :-D, ful sem vesel.\nUživita na polno! Denis""}]"
San Pedro de Atacama,"<div class=""entrycontent"">
<p>San Pedro je mesto na 2500m n.m.v. Obcutno se pozna, da smo 2000 m nizje, saj je cez dan precej vroce, ponoci pa se vedno mrzlo. To je mesto sredi puscave in je nastalo kot vmesna postaja za turiste, ki potujejo bodisi v Bolivijo, bodisi v Santiago. Cene so priblizno 2x visje, kot v Boliviji in tako primerljive Evropskim (ali pa se drazje). Po nastanitvi v hostlu smo sli na vecerjo, kjer sva jedla goveji jezik. Bil je presenetljivo dober. Sledila je sicer majhna, a bozanska sladica (po Matejino). Naslednji dan smo se ob devetih zjutraj odpravili na peturno jezo konj. Jezdili smo po kanjonu in na vrh kanjona, nato pa se nazaj spustili po sipini. Nekaj konj je bilo neubogljivih, najbolj nagajiv pa je bil Matejin, ki je ostale konje kar naprej brcal in grizel. Po jezi so nas vse bolele riti in kolena, Matejo pa se roke, saj je morala ves cas zategovati uzdo. Riti nas bolijo se danes. Po jezi smo sli na ogromno pico. Zvecer smo se se malo druzili v kuhinji ob kozarcku rujnega (ki ga prodajajo v 2L tetrapakih in je zelo dober; slisi na ime Santa Helena). Naslednji dan popoldan smo imeli izlet v dolino Lune. Z avtobusom smo se ustavljali na razglednih tockah. Najprej smo si ogledali dolino smrti, ki so jo sprva hoteli poimenovati marsova dolina, kar pa se je slisalo podobno kot dolina smrti (v spanscini), zato je se danes znana kot dolina smrti. Od tam smo videli, kako gradijo bojda najvecji observatorij na svetu, ki naj bi bil dokoncan leta 2011. Nato smo si ogledali 'tri Marije', ki so v bistu trije kamni, nic kaj podobni Mariji. Blizu njih je rudnik soli. Izlet smo koncali z opazovanjem soncnega zahoda (spet), nato pa smo po sipini stekli do avtobusa. Danes je vecina nasih sla v 'toplice', midva pa sva si vzela prosto. Kot je razvidno, potovanje ni vec tako razburljivo in zdaj samo se cakamo na letalo proti Evropi. Jutri gremo z letalom v Santiago (namesto 24-urne voznje z avtobusom; cena je 2x drazja), kjer si en dan ogledamo mesto, naslednji dan (31.7.) pa ze letimo v Madrid. Let imamo mislim da okoli 18-19ih (po lokalnem casu), pred Tivoli pa naj bi prisli 1.8. okoli 23. ure. </p><p>Slike bova mogoce dala na internet, ce bova utegnila. Sicer pa, ko prideva v Ljubljano.</p><p>Ziga in Mateja<br/>-----------------------------<br/>Mami, za 1.8. okoli 23h narocam gosto govejo juho z blekci. Hvala.</p><p>Ziga<br/>=================<br/>Mami, za 1.8. okoli 23h v Tivoliju narocam cokolado Milka z lesniki. Hvala.</p><p>Mateja</p></div>",2008-07-28,bjelakrez,Chile,"[{""author"": ""suncell"", ""content"": ""A boš v soboto na polno počival? Oz, te bodo starši izpustili iz rok\n) Midva s Saro v soboto zvečer ravno odhajava na morje do konca meseca...Saj ne da bom imel preveč časa.. treba še postoriti vse živo, spakirat in to\nin še 200 drugih stvari, sam vidl se res ne bomo pol dolg..""}, {""author"": ""Brane"", ""content"": ""Okej, vse bo pripravljeno. Lahko izpolnimo se kako drugo zeljo! Tudi mi ze tezko cakamo vase vrnitve. Srecno pot na povratku in lep pozdrav obema, mami in ati""}, {""author"": ""Brane"", ""content"": ""Aha, pozabila sva napisat, da je Sonja povedala, da je vrt v Metliki ves v cvetju. Posebno lepe so dalije in kane. Upava, da bodo počakale tudi vaju. Lp, a & m""}]"
Santiago,"<div class=""entrycontent"">
<p>Ziga me jezi in noce z menoj gledat televizije in spanskih nadeljevank. Vceraj je v tistem zanikrnem mestu sredi puscave zmanjkalo vode in niso delale restavracije. Z Zigatom sva si kupila instant juhico, spagete, konzervi tune in paradiznikovo omako ter si skuhala kosilo v hotelski kuhinji. Zvecer smo jedli hrenovke, cips, napolitanke in pili pivo, ki je po mojem okusu kar ok. Danes smo se zjutraj prebudili v San Pedru in se z avtobusom popeljali do letalisca v bliznjem kraju Calama. Tam mi je Ziga kupil ze drugi sladoled v celem mesecu. Pojedla sva se sendvice s salamo in sirom ter se vkrcala na letalo. Polet je potekal brez zapletov, le enemu potniku je postalo slabo in je malo bruhnil. Ziga se je smejal. Cez 2 uri smo ze cakali na prtljago v glavnem mestu Cila, Santiagu. S kombijem smo se odpeljali do hotela Paris. Obetavno ime, a ne ponuja kaj dosti. Soba je hladna in voda tudi. Tudi danes tusiranje odpade. Mene to prevec ne moti, bomo vsaj na milu prisparali. Kar je zanimivo v Santiagu, so ulice, poimenovane po tujih mestih. Nas hotel jasno stoji na pariski ulici, nedalec stran je ulica San Francisco itd. Potem smo druzno zakorakali po mestnem bulvarju do velike trznice z ribami in ribjimi restavracijami ter si tam privoscili lososa z zelenjavo in pomfrijem. Nato smo se sprehodili po parku in obredli vse stojnice s turisticnim blagom. Ziga je pojedel se ogromen sladoled in bil skrajno zadovoljen, meni pa je mesto vsec zaradi manj kaoticnega prometa, zelenic v parkih, urbanih ljudi in nacina zivljenja. Nad mestom je na vzpetini posavljen kip Marije z razprostrtimi rokami. Nazaj do hotela smo sli s podzemno zeleznico. </p><p>Jutri imamo prost dan. Pozabila sva si kupiti zajtrk. Tomaz (vodic) nama je predlagal, da obisceva mestni zoo, ker 'sm jst baje bl za zivali'. Zdaj bom koncala, ker teh deset vrstic pisem ze kar lep cas pa se en cudak na sosednjem racunalniku ves cas pohrkuje in pokasljuje. Ziga pravi, da ima najbrz malarijo.</p><p>Mateja</p></div>",2008-07-29,bjelakrez,Chile,"[{""author"": ""suncell"", ""content"": ""Z Lesijem imava tajni načrt, da te v petek ukradeva ter odpeljeva na horsa, da se pošteno okrepčaš\n. Za sladico pa seveda lahko imaš govejo juhico.""}, {""author"": ""bjelakrez"", ""content"": ""ker dan pa je petk? a js pridm u petk? vem sam, da pridm ob 23h. jem pa tuki vec kot prevec.""}, {""author"": ""suncell"", ""content"": ""Ja v petek smo prvega, ko se naj bi ti vrnil zvečer domov""}]"
Pred odhodom,"<div class=""entrycontent"">
<p>Vceraj zjutraj sva sredi glavne ulice zajtrkovala krofe z marmelado in vanilijevo kremo. Jasno sva se oba ciso popackala. Nato sva nekajkrat prehodila mestno jedro podolgem in pocez. V mestnem parku sva gledala drevesa in se cudila, kako visoko lahko zrastejo nekatere palme. Gledala sva umazano reko in golobe, ki v njej iscejo hrano. Veliko je psov, ki kar polezavajo po ulicah in so vsi grozno utrujeni. Mateja je jedla kosilo v Burger Kingu, kolikor je pac ostalo od tega ko je Ziga 'samo pokusil' whopper-ja. Ziga si je na ulici delal sendvice. Obiskala sva tudi park, na mestni vzpetini, kjer je polno skritih kotickov, stopnisc, obzidij, kipov, topov in velika fontana s Pozejdonom na vhodu v park. Park je strogo varovan in na vsakem vogalu lahko najdes policaja. Na vrhu hriba je razgledni stolp z razgledom na mesto, od koder se je videl cudovit soncni zahod. </p><p>Zdaj bomo s taksiji zapustili mesto in se odpeljali na letalisce, od tam pa domov. Komaj cakama.</p><p>Ziga in Mateja</p></div>",2008-07-31,bjelakrez,Chile,"[{""author"": ""suncell"", ""content"": ""Srečno pot in miren let""}]"
Slike,"<div class=""entrycontent"">
<p>Pred nekaj dnevi sva po 24 urah voznje koncno prispela domov. Oba naju se daje jetlag in ponoci ne moreva spati.</p><p>Zdaj so <a href=""http://picasaweb.google.com/bjelakrez/BiseriJuzneAmerike"">tukaj</a> zbrane vse slikce.</p><p>Ziga</p></div>",2008-08-04,bjelakrez,,[]
