"imdb","trakt","watched_at","title"
"tt0076276","10953","2024-06-13T12:34:50.000Z","Who's Singin' Over There?"
"tt0112641","409","2024-06-03T07:30:12.000Z","Casino"
"tt15249570","732550","2024-06-02T07:51:54.000Z","'91"
"tt15476818","736657","2023-11-16T18:31:50.000Z","Wild Slovenia"
"tt1517268","242104","2023-09-30T10:00:57.000Z","Barbie"
"tt21059520","794001","2023-08-27T11:49:53.000Z","Girl in the Picture"
"tt21059520","794001","2023-08-17T21:34:22.000Z","Girl in the Picture"
"tt5952332","256649","2023-08-17T05:01:40.000Z","Amanda Knox"
"tt15210256","687864","2023-08-15T09:19:34.000Z","Stephen Curry: Underrated"
"tt11564570","495668","2022-12-25T21:28:22.000Z","Glass Onion: A Knives Out Mystery"
"tt7310906","321620","2022-08-27T20:21:53.000Z","Jerry Before Seinfeld"
"tt12117854","539986","2022-08-01T14:45:31.000Z","Jerry Seinfeld: 23 Hours to Kill"
"tt1909348","44845","2022-08-01T14:22:02.000Z","Talking Funny"
"tt12087624","533975","2022-07-29T12:31:27.000Z","Sincerely Louis C.K."
"tt1909348","44845","2022-07-25T21:08:14.000Z","Talking Funny"
"tt19885626","782212","2022-07-25T19:29:37.000Z","Ricky Gervais: SuperNature"
"tt19885626","782212","2022-07-25T17:26:19.000Z","Ricky Gervais: SuperNature"
"tt0500140","14086","2022-07-22T20:48:32.000Z","Jerry Seinfeld: I'm Telling You for the Last Time"
"tt19885626","782212","2022-07-22T19:36:15.000Z","Ricky Gervais: SuperNature"
"tt0091605","155","2022-07-08T06:14:11.000Z","The Name of the Rose"
"tt12891978","507885","2021-09-04T07:33:48.000Z","The Green River Killer: Mind of a Monster"
"tt12891978","507885","2021-09-04T07:17:10.000Z","The Green River Killer: Mind of a Monster"
"tt12891978","507885","2021-09-04T05:29:28.000Z","The Green River Killer: Mind of a Monster"
"tt0340012","11479","2021-07-19T20:38:04.000Z","Being Julia"
"tt0046876","6114","2021-07-12T04:55:10.000Z","Creature from the Black Lagoon"
"tt0338013","29","2021-04-22T13:25:48.000Z","Eternal Sunshine of the Spotless Mind"
"tt0117293","10536","2021-04-12T10:21:35.000Z","Paradise Lost: The Child Murders at Robin Hood Hills"
"tt2028530","62630","2021-04-12T10:21:31.000Z","Paradise Lost 3: Purgatory"
"tt0239894","10539","2021-04-12T10:21:27.000Z","Paradise Lost 2: Revelations"
"tt0405422","3778","2021-04-12T09:01:12.000Z","The 40 Year Old Virgin"
"tt0280707","3058","2021-04-08T11:03:00.000Z","Gosford Park"
"tt6571548","469316","2021-04-06T19:39:09.000Z","The White Tiger"
"tt2028530","62630","2021-04-05T14:41:25.000Z","Paradise Lost 3: Purgatory"
"tt0239894","10539","2021-04-05T08:46:34.000Z","Paradise Lost 2: Revelations"
"tt0117293","10536","2021-04-05T05:09:29.000Z","Paradise Lost: The Child Murders at Robin Hood Hills"
"tt3444312","317669","2021-04-04T17:26:43.000Z","Abducted in Plain Sight"
"tt0405422","3778","2021-02-26T00:09:18.000Z","The 40 Year Old Virgin"
"tt8946378","396788","2021-02-09T21:45:00.000Z","Knives Out"
"tt8245604","368141","2021-01-02T21:24:50.000Z","The Queen's Green Planet"
"tt3810760","234946","2020-11-15T20:18:31.000Z","Minimalism: A Documentary About the Important Things"
"tt0111161","234","2020-11-15T10:41:43.000Z","The Shawshank Redemption"
"tt11464826","491199","2020-11-14T19:46:12.000Z","The Social Dilemma"
"tt11989890","497936","2020-11-11T21:13:56.000Z","David Attenborough: A Life on Our Planet"
"tt1375666","16662","2020-11-11T20:04:04.000Z","Inception"
"tt12987894","584296","2020-09-30T14:00:00.000Z","American Murder: The Family Next Door"
"tt1449283","35866","2020-09-28T14:15:43.000Z","Winnie the Pooh"
"tt2066051","352153","2020-07-15T20:46:45.000Z","Rocketman"
"tt3513548","188825","2020-07-13T20:24:50.000Z","Richard Jewell"
"tt6751668","343180","2020-03-07T09:01:10.000Z","Parasite"
"tt7775622","363422","2020-03-01T15:02:26.000Z","Free Solo"
"tt8946378","396788","2020-02-27T16:33:46.000Z","Knives Out"
"tt2243189","83898","2020-02-15T14:07:38.000Z","Fidgety Bram"
"tt0254705","86087","2020-02-08T19:01:02.000Z","Porno Movie"
"tt5174284","224594","2020-01-02T17:37:42.000Z","Shaun the Sheep: The Farmer's Llamas"
"tt1727824","300068","2019-12-14T22:28:39.000Z","Bohemian Rhapsody"
"tt0333701","51640","2019-12-14T14:32:39.000Z","Cheese and Jam"
"tt7131622","313464","2019-11-28T21:56:00.000Z","Once Upon a Time… in Hollywood"
"tt6966692","337145","2019-04-20T15:45:00.000Z","Green Book"
